Samples,14765x2-1,14763x7-1,14799x1-1,14858x3-1,14746x8-1,14824x13-1,14739x3-1,14710x6-1,14781x16-1,1601-1,1401-1,902-1,901-1,1001-1,BXS0110-1,BXS0111-1,BYS0112-1,BXS0114-1,BXS0115-1,BXS0116-1,BXS0117-1,GM23716-1,GM23720-1,GM25256-1,PGP1-1
chrY@4968368,Homozygous Alternate,Homozygous Reference,Homozygous Alternate,Homozygous Reference,Homozygous Reference,Homozygous Reference,Homozygous Reference,Homozygous Alternate,Homozygous Alternate,Homozygous Alternate,Homozygous Reference,Homozygous Reference,Homozygous Reference,Homozygous Reference,Homozygous Reference,Homozygous Alternate,Homozygous Reference,Homozygous Reference,Homozygous Reference,Homozygous Reference,Homozygous Reference,Homozygous Reference,Homozygous Reference,Homozygous Alternate,Homozygous Reference
chrY@4968655,Homozygous Alternate,Homozygous Reference,Homozygous Alternate,Homozygous Reference,Homozygous Reference,Homozygous Reference,Homozygous Reference,Homozygous Alternate,Homozygous Alternate,Homozygous Alternate,Homozygous Reference,Homozygous Reference,Homozygous Reference,Homozygous Reference,Homozygous Reference,Homozygous Alternate,Homozygous Reference,Homozygous Reference,Homozygous Reference,Homozygous Reference,Homozygous Reference,Homozygous Reference,Homozygous Reference,Homozygous Alternate,Homozygous Reference
chrY@13310578,Heterozygous Alternate,Heterozygous Alternate,Homozygous Alternate,Homozygous Reference,Homozygous Alternate,Heterozygous Alternate,Heterozygous Alternate,Homozygous Reference,Homozygous Reference,Heterozygous Alternate,Homozygous Alternate,Homozygous Alternate,Homozygous Alternate,Homozygous Reference,Heterozygous Alternate,Heterozygous Alternate,Homozygous Reference,Homozygous Reference,Homozygous Alternate,Homozygous Alternate,Homozygous Alternate,Homozygous Reference,Homozygous Alternate,Homozygous Reference,Heterozygous Alternate
chrY@13310581,Heterozygous Alternate,Heterozygous Alternate,Homozygous Alternate,Homozygous Reference,Homozygous Alternate,Heterozygous Alternate,Heterozygous Alternate,Homozygous Reference,Homozygous Reference,Heterozygous Alternate,Homozygous Alternate,Homozygous Alternate,Homozygous Alternate,Homozygous Reference,Heterozygous Alternate,Heterozygous Alternate,Homozygous Reference,Homozygous Reference,Homozygous Alternate,Homozygous Alternate,Homozygous Alternate,Homozygous Reference,Homozygous Alternate,Homozygous Reference,Heterozygous Alternate
chrY@13310582,Heterozygous Alternate,Heterozygous Alternate,Homozygous Alternate,Homozygous Reference,Homozygous Alternate,Heterozygous Alternate,Heterozygous Alternate,Homozygous Reference,Homozygous Reference,Heterozygous Alternate,Homozygous Alternate,Homozygous Alternate,Homozygous Alternate,Homozygous Reference,Heterozygous Alternate,Heterozygous Alternate,Homozygous Reference,Homozygous Reference,Homozygous Alternate,Homozygous Alternate,Homozygous Alternate,Homozygous Reference,Homozygous Alternate,Homozygous Reference,Heterozygous Alternate
chrY@13310602,Heterozygous Alternate,Heterozygous Alternate,Heterozygous Alternate,Homozygous Reference,Homozygous Alternate,Heterozygous Alternate,Homozygous Reference,Homozygous Reference,Homozygous Reference,Heterozygous Alternate,Homozygous Alternate,Homozygous Alternate,Homozygous Alternate,Homozygous Reference,Heterozygous Alternate,Heterozygous Alternate,Homozygous Reference,Homozygous Reference,Homozygous Alternate,Homozygous Alternate,Homozygous Alternate,Homozygous Reference,Homozygous Alternate,Homozygous Reference,Heterozygous Alternate
chrY@13310606,Heterozygous Alternate,Heterozygous Alternate,Heterozygous Alternate,Homozygous Reference,Homozygous Alternate,Heterozygous Alternate,Homozygous Reference,Homozygous Reference,Homozygous Reference,Heterozygous Alternate,Homozygous Alternate,Homozygous Alternate,Homozygous Alternate,Homozygous Reference,Heterozygous Alternate,Heterozygous Alternate,Homozygous Reference,Homozygous Reference,Homozygous Alternate,Homozygous Alternate,Homozygous Alternate,Homozygous Reference,Homozygous Alternate,Homozygous Reference,Heterozygous Alternate
chrY@13310607,Heterozygous Alternate,Heterozygous Alternate,Heterozygous Alternate,Homozygous Reference,Homozygous Alternate,Heterozygous Alternate,Homozygous Reference,Homozygous Reference,Homozygous Reference,Heterozygous Alternate,Homozygous Alternate,Homozygous Alternate,Homozygous Alternate,Homozygous Reference,Heterozygous Alternate,Heterozygous Alternate,Homozygous Reference,Homozygous Reference,Homozygous Alternate,Homozygous Alternate,Homozygous Alternate,Homozygous Reference,Homozygous Alternate,Homozygous Reference,Heterozygous Alternate
chrY@14954404,Homozygous Alternate,Homozygous Alternate,Homozygous Alternate,Homozygous Reference,Homozygous Reference,Homozygous Alternate,Homozygous Alternate,Homozygous Alternate,Homozygous Alternate,Homozygous Alternate,Homozygous Reference,Homozygous Reference,Homozygous Reference,Homozygous Reference,Heterozygous Alternate,Heterozygous Alternate,Heterozygous Alternate,Homozygous Reference,Homozygous Reference,Homozygous Reference,Homozygous Reference,Homozygous Reference,Homozygous Reference,Heterozygous Alternate,Homozygous Alternate
chrY@14958218,Homozygous Alternate,Homozygous Alternate,Homozygous Alternate,Homozygous Reference,Homozygous Reference,Homozygous Alternate,Homozygous Alternate,Homozygous Alternate,Homozygous Alternate,Homozygous Alternate,Homozygous Reference,Homozygous Reference,Homozygous Reference,Homozygous Reference,Homozygous Alternate,Homozygous Reference,Homozygous Alternate,Homozygous Reference,Homozygous Reference,Homozygous Reference,Homozygous Reference,Homozygous Reference,Homozygous Reference,Homozygous Alternate,Homozygous Alternate
chrY@15027529,Homozygous Alternate,Homozygous Alternate,Homozygous Alternate,Homozygous Reference,Homozygous Reference,Homozygous Alternate,Homozygous Alternate,Homozygous Alternate,Homozygous Alternate,Homozygous Alternate,Homozygous Reference,Homozygous Reference,Homozygous Reference,Homozygous Reference,Homozygous Alternate,Homozygous Alternate,Homozygous Alternate,Homozygous Reference,Homozygous Reference,Homozygous Reference,Homozygous Reference,Homozygous Reference,Homozygous Reference,Homozygous Alternate,Homozygous Alternate
chrY@20826397,Homozygous Alternate,Homozygous Reference,Homozygous Alternate,Homozygous Reference,Homozygous Reference,Homozygous Reference,Homozygous Reference,Homozygous Reference,Homozygous Alternate,Homozygous Alternate,Homozygous Reference,Homozygous Reference,Homozygous Reference,Homozygous Reference,Homozygous Reference,Homozygous Reference,Homozygous Reference,Homozygous Reference,Homozygous Reference,Homozygous Reference,Homozygous Reference,Homozygous Reference,Homozygous Reference,Homozygous Reference,Homozygous Reference
chrY@21154426,Heterozygous Alternate,Heterozygous Alternate,Homozygous Reference,Heterozygous Alternate,Homozygous Reference,Heterozygous Alternate,Heterozygous Alternate,Homozygous Reference,Heterozygous Alternate,Homozygous Reference,Heterozygous Alternate,Homozygous Reference,Homozygous Reference,Heterozygous Alternate,Homozygous Reference,Homozygous Reference,Heterozygous Alternate,Homozygous Reference,Homozygous Reference,Homozygous Reference,Homozygous Reference,Homozygous Reference,Homozygous Reference,Homozygous Reference,Homozygous Reference
chrY@21154466,Heterozygous Alternate,Heterozygous Alternate,Heterozygous Alternate,Homozygous Alternate,Homozygous Alternate,Heterozygous Alternate,Heterozygous Alternate,Heterozygous Alternate,Heterozygous Alternate,Heterozygous Alternate,Homozygous Alternate,Homozygous Alternate,Homozygous Alternate,Homozygous Alternate,Heterozygous Alternate,Heterozygous Alternate,Heterozygous Alternate,Homozygous Alternate,Homozygous Alternate,Homozygous Alternate,Homozygous Alternate,Homozygous Alternate,Homozygous Alternate,Heterozygous Alternate,Heterozygous Alternate
chrY@21477811,Homozygous Alternate,Homozygous Alternate,Homozygous Alternate,Homozygous Reference,Homozygous Reference,Homozygous Reference,Homozygous Reference,Homozygous Alternate,Heterozygous Alternate,Homozygous Alternate,Homozygous Reference,Homozygous Reference,Homozygous Reference,Homozygous Reference,Homozygous Alternate,Homozygous Alternate,Homozygous Alternate,Homozygous Reference,Homozygous Reference,Homozygous Reference,Homozygous Reference,Homozygous Reference,Homozygous Reference,Homozygous Alternate,Homozygous Alternate
chrY@21867787,Homozygous Alternate,Homozygous Reference,Homozygous Alternate,Homozygous Reference,Homozygous Reference,Homozygous Reference,Homozygous Reference,Homozygous Alternate,Homozygous Alternate,Homozygous Alternate,Homozygous Reference,Homozygous Reference,Homozygous Reference,Homozygous Reference,Homozygous Reference,Homozygous Reference,Homozygous Reference,Homozygous Reference,Homozygous Reference,Homozygous Reference,Homozygous Reference,Homozygous Reference,Homozygous Reference,Homozygous Alternate,Homozygous Reference
chrY@22749853,Homozygous Alternate,Homozygous Reference,Homozygous Reference,Homozygous Reference,Homozygous Reference,Homozygous Reference,Homozygous Reference,Homozygous Reference,Homozygous Reference,Homozygous Alternate,Homozygous Reference,Homozygous Reference,Homozygous Reference,Homozygous Reference,Homozygous Reference,Homozygous Reference,Homozygous Reference,Homozygous Reference,Homozygous Reference,Homozygous Reference,Homozygous Reference,Homozygous Reference,Homozygous Reference,Homozygous Reference,Homozygous Reference
chrY@14491671,Homozygous Reference,Homozygous Reference,Homozygous Reference,Homozygous Reference,Homozygous Reference,Homozygous Reference,Homozygous Reference,Homozygous Reference,Homozygous Reference,Homozygous Reference,Homozygous Reference,Homozygous Reference,Homozygous Reference,Homozygous Reference,Homozygous Reference,Homozygous Reference,Homozygous Reference,Homozygous Reference,Homozygous Reference,Homozygous Reference,Homozygous Reference,Homozygous Reference,Homozygous Reference,Homozygous Alternate,Homozygous Reference
chrY@9383960,Homozygous Reference,Homozygous Reference,Homozygous Alternate,Homozygous Reference,Homozygous Reference,Homozygous Reference,Homozygous Reference,Homozygous Reference,Homozygous Reference,Homozygous Reference,Homozygous Reference,Homozygous Reference,Homozygous Reference,Homozygous Reference,Homozygous Reference,Homozygous Reference,Homozygous Reference,Homozygous Reference,Homozygous Reference,Homozygous Reference,Homozygous Reference,Homozygous Reference,Homozygous Reference,Homozygous Reference,Homozygous Reference
chrY@21903383,Homozygous Reference,Homozygous Reference,Homozygous Reference,Homozygous Reference,Homozygous Reference,Homozygous Reference,Homozygous Reference,Homozygous Reference,Homozygous Reference,Homozygous Reference,Homozygous Reference,Homozygous Reference,Homozygous Reference,Homozygous Reference,Homozygous Reference,Homozygous Reference,Homozygous Reference,Homozygous Reference,Homozygous Reference,Homozygous Reference,Homozygous Reference,Homozygous Reference,Homozygous Reference,Homozygous Alternate,Homozygous Reference
chrY@16952347,Homozygous Reference,Homozygous Reference,Homozygous Reference,Homozygous Reference,Homozygous Reference,Heterozygous Alternate,Homozygous Reference,Homozygous Reference,Homozygous Reference,Homozygous Reference,Homozygous Reference,Homozygous Reference,Homozygous Reference,Homozygous Alternate,Homozygous Reference,Homozygous Reference,Homozygous Reference,Homozygous Alternate,Homozygous Reference,Homozygous Reference,Homozygous Reference,Homozygous Reference,Homozygous Reference,Homozygous Reference,Homozygous Reference
chrY@22921768,Homozygous Reference,Homozygous Reference,Homozygous Alternate,Homozygous Reference,Homozygous Reference,Homozygous Reference,Homozygous Reference,Homozygous Reference,Homozygous Reference,Homozygous Reference,Homozygous Reference,Homozygous Reference,Homozygous Reference,Homozygous Reference,Homozygous Reference,Homozygous Reference,Homozygous Reference,Homozygous Reference,Homozygous Reference,Homozygous Reference,Homozygous Reference,Homozygous Reference,Homozygous Reference,Homozygous Reference,Homozygous Reference
chrY@13310525,Homozygous Reference,Homozygous Reference,Homozygous Reference,Homozygous Reference,Homozygous Alternate,Homozygous Reference,Homozygous Reference,Homozygous Reference,Homozygous Reference,Homozygous Reference,Homozygous Alternate,Homozygous Alternate,Homozygous Alternate,Homozygous Reference,Homozygous Reference,Heterozygous Alternate,Homozygous Reference,Homozygous Reference,Homozygous Reference,Homozygous Alternate,Homozygous Alternate,Homozygous Reference,Homozygous Alternate,Homozygous Reference,Homozygous Reference
chrY@13310531,Homozygous Reference,Homozygous Reference,Homozygous Reference,Homozygous Reference,Homozygous Alternate,Homozygous Reference,Homozygous Reference,Homozygous Reference,Homozygous Reference,Homozygous Reference,Homozygous Alternate,Homozygous Alternate,Homozygous Alternate,Homozygous Reference,Homozygous Reference,Heterozygous Alternate,Homozygous Reference,Homozygous Reference,Homozygous Reference,Homozygous Alternate,Homozygous Alternate,Homozygous Reference,Homozygous Alternate,Homozygous Reference,Homozygous Reference
chrY@13310532,Homozygous Reference,Homozygous Reference,Homozygous Reference,Homozygous Reference,Homozygous Alternate,Homozygous Reference,Homozygous Reference,Homozygous Reference,Homozygous Reference,Homozygous Reference,Homozygous Alternate,Homozygous Alternate,Homozygous Alternate,Homozygous Reference,Homozygous Reference,Heterozygous Alternate,Homozygous Reference,Homozygous Reference,Homozygous Reference,Homozygous Alternate,Homozygous Alternate,Homozygous Reference,Homozygous Alternate,Homozygous Reference,Homozygous Reference
chrY@13310559,Homozygous Reference,Heterozygous Alternate,Homozygous Alternate,Homozygous Reference,Homozygous Alternate,Heterozygous Alternate,Heterozygous Alternate,Homozygous Reference,Homozygous Reference,Heterozygous Alternate,Homozygous Alternate,Homozygous Alternate,Homozygous Alternate,Homozygous Reference,Heterozygous Alternate,Heterozygous Alternate,Homozygous Reference,Homozygous Reference,Homozygous Reference,Homozygous Alternate,Homozygous Alternate,Homozygous Reference,Homozygous Alternate,Homozygous Reference,Heterozygous Alternate
chrY@13310567,Homozygous Reference,Heterozygous Alternate,Homozygous Alternate,Homozygous Reference,Homozygous Alternate,Heterozygous Alternate,Heterozygous Alternate,Homozygous Reference,Homozygous Reference,Heterozygous Alternate,Homozygous Alternate,Homozygous Alternate,Homozygous Alternate,Homozygous Reference,Heterozygous Alternate,Heterozygous Alternate,Homozygous Reference,Homozygous Reference,Homozygous Alternate,Homozygous Alternate,Homozygous Alternate,Homozygous Reference,Homozygous Alternate,Homozygous Reference,Heterozygous Alternate
chrY@15591537,Homozygous Reference,Homozygous Reference,Homozygous Reference,Homozygous Reference,Homozygous Reference,Homozygous Reference,Homozygous Reference,Homozygous Alternate,Homozygous Reference,Homozygous Reference,Homozygous Reference,Homozygous Reference,Homozygous Reference,Homozygous Reference,Homozygous Reference,Homozygous Alternate,Homozygous Reference,Homozygous Reference,Homozygous Reference,Homozygous Reference,Homozygous Reference,Homozygous Reference,Homozygous Reference,Homozygous Alternate,Homozygous Reference
chrY@14475389,Homozygous Reference,Homozygous Reference,Homozygous Reference,Homozygous Reference,Homozygous Reference,Homozygous Reference,Homozygous Reference,Homozygous Reference,Homozygous Reference,Homozygous Reference,Homozygous Reference,Homozygous Reference,Homozygous Alternate,Homozygous Reference,Homozygous Reference,Homozygous Reference,Homozygous Reference,Homozygous Reference,Homozygous Reference,Homozygous Reference,Homozygous Reference,Homozygous Reference,Homozygous Reference,Homozygous Reference,Homozygous Reference
chrY@14475392,Homozygous Reference,Homozygous Reference,Homozygous Reference,Homozygous Reference,Homozygous Reference,Homozygous Reference,Homozygous Reference,Homozygous Reference,Homozygous Reference,Homozygous Reference,Homozygous Reference,Homozygous Reference,Homozygous Alternate,Homozygous Reference,Homozygous Reference,Homozygous Reference,Homozygous Reference,Homozygous Reference,Homozygous Reference,Homozygous Reference,Homozygous Reference,Homozygous Reference,Homozygous Reference,Homozygous Reference,Homozygous Reference
chrY@13310610,Homozygous Reference,Heterozygous Alternate,Heterozygous Alternate,Homozygous Reference,Homozygous Alternate,Heterozygous Alternate,Homozygous Reference,Homozygous Reference,Homozygous Reference,Heterozygous Alternate,Homozygous Alternate,Homozygous Alternate,Homozygous Alternate,Homozygous Reference,Heterozygous Alternate,Heterozygous Alternate,Homozygous Reference,Homozygous Reference,Homozygous Alternate,Homozygous Alternate,Homozygous Alternate,Homozygous Reference,Homozygous Alternate,Homozygous Reference,Heterozygous Alternate
chrY@15469724,Homozygous Reference,Homozygous Reference,Homozygous Alternate,Homozygous Reference,Homozygous Reference,Homozygous Reference,Homozygous Reference,Homozygous Reference,Homozygous Reference,Homozygous Reference,Homozygous Reference,Homozygous Reference,Homozygous Reference,Homozygous Reference,Homozygous Reference,Homozygous Reference,Homozygous Reference,Homozygous Reference,Homozygous Reference,Homozygous Reference,Homozygous Reference,Homozygous Reference,Homozygous Reference,Homozygous Reference,Homozygous Reference
chrY@13310621,Homozygous Reference,Heterozygous Alternate,Heterozygous Alternate,Homozygous Reference,Homozygous Alternate,Heterozygous Alternate,Homozygous Reference,Homozygous Reference,Homozygous Reference,Heterozygous Alternate,Homozygous Alternate,Homozygous Alternate,Homozygous Alternate,Homozygous Reference,Heterozygous Alternate,Heterozygous Alternate,Homozygous Reference,Homozygous Reference,Homozygous Alternate,Homozygous Alternate,Homozygous Alternate,Homozygous Reference,Homozygous Alternate,Homozygous Reference,Heterozygous Alternate
chrY@13310622,Homozygous Reference,Heterozygous Alternate,Heterozygous Alternate,Homozygous Reference,Homozygous Alternate,Heterozygous Alternate,Homozygous Reference,Homozygous Reference,Homozygous Reference,Heterozygous Alternate,Homozygous Alternate,Homozygous Alternate,Homozygous Alternate,Homozygous Reference,Heterozygous Alternate,Heterozygous Alternate,Homozygous Reference,Homozygous Reference,Homozygous Alternate,Homozygous Alternate,Homozygous Alternate,Homozygous Reference,Homozygous Alternate,Homozygous Reference,Heterozygous Alternate
chrY@14475426,Homozygous Reference,Homozygous Reference,Homozygous Reference,Homozygous Reference,Homozygous Reference,Homozygous Reference,Homozygous Reference,Homozygous Reference,Homozygous Reference,Homozygous Reference,Homozygous Reference,Homozygous Reference,Homozygous Alternate,Homozygous Reference,Homozygous Reference,Homozygous Reference,Homozygous Reference,Homozygous Reference,Homozygous Reference,Homozygous Reference,Homozygous Reference,Homozygous Reference,Homozygous Reference,Homozygous Reference,Homozygous Reference
chrY@14475428,Homozygous Reference,Homozygous Reference,Homozygous Reference,Homozygous Reference,Homozygous Reference,Homozygous Reference,Homozygous Reference,Homozygous Reference,Homozygous Reference,Homozygous Reference,Homozygous Reference,Homozygous Reference,Homozygous Alternate,Homozygous Reference,Homozygous Reference,Homozygous Reference,Homozygous Reference,Homozygous Reference,Homozygous Reference,Homozygous Reference,Homozygous Reference,Homozygous Reference,Homozygous Reference,Homozygous Reference,Homozygous Reference
chrY@14475429,Homozygous Reference,Homozygous Reference,Homozygous Reference,Homozygous Reference,Homozygous Reference,Homozygous Reference,Homozygous Reference,Homozygous Reference,Homozygous Reference,Homozygous Reference,Homozygous Reference,Homozygous Reference,Homozygous Alternate,Homozygous Reference,Homozygous Reference,Homozygous Reference,Homozygous Reference,Homozygous Reference,Homozygous Reference,Homozygous Reference,Homozygous Reference,Homozygous Reference,Homozygous Reference,Homozygous Reference,Homozygous Reference
chrY@14475434,Homozygous Reference,Homozygous Reference,Homozygous Reference,Homozygous Reference,Homozygous Reference,Homozygous Reference,Homozygous Reference,Homozygous Reference,Homozygous Reference,Homozygous Reference,Homozygous Reference,Homozygous Reference,Homozygous Alternate,Homozygous Reference,Homozygous Reference,Homozygous Reference,Homozygous Reference,Homozygous Reference,Homozygous Reference,Homozygous Reference,Homozygous Reference,Homozygous Reference,Homozygous Reference,Homozygous Reference,Homozygous Reference
chrY@14475439,Homozygous Reference,Homozygous Reference,Homozygous Reference,Homozygous Reference,Homozygous Reference,Homozygous Reference,Homozygous Reference,Homozygous Reference,Homozygous Reference,Homozygous Reference,Homozygous Reference,Homozygous Reference,Homozygous Alternate,Homozygous Reference,Homozygous Reference,Homozygous Reference,Homozygous Reference,Homozygous Reference,Homozygous Reference,Homozygous Reference,Homozygous Reference,Homozygous Reference,Homozygous Reference,Homozygous Reference,Homozygous Reference
chrY@14107314,Homozygous Reference,Homozygous Reference,Homozygous Reference,Homozygous Reference,Homozygous Reference,Homozygous Reference,Homozygous Reference,Homozygous Reference,Homozygous Reference,Homozygous Reference,Homozygous Reference,Homozygous Alternate,Homozygous Reference,Homozygous Reference,Homozygous Reference,Homozygous Reference,Homozygous Reference,Homozygous Reference,Homozygous Alternate,Homozygous Alternate,Homozygous Alternate,Homozygous Alternate,Homozygous Reference,Homozygous Reference,Homozygous Reference
chrY@14475442,Homozygous Reference,Homozygous Reference,Homozygous Reference,Homozygous Reference,Homozygous Reference,Homozygous Reference,Homozygous Reference,Homozygous Reference,Homozygous Reference,Homozygous Reference,Homozygous Reference,Homozygous Reference,Homozygous Alternate,Homozygous Reference,Homozygous Reference,Homozygous Reference,Homozygous Reference,Homozygous Reference,Homozygous Reference,Homozygous Reference,Homozygous Reference,Homozygous Reference,Homozygous Reference,Homozygous Reference,Homozygous Reference
chrY@14475454,Homozygous Reference,Homozygous Reference,Homozygous Reference,Homozygous Reference,Homozygous Reference,Homozygous Reference,Homozygous Reference,Homozygous Reference,Homozygous Reference,Homozygous Reference,Homozygous Reference,Homozygous Reference,Homozygous Alternate,Homozygous Reference,Homozygous Reference,Homozygous Reference,Homozygous Reference,Homozygous Reference,Homozygous Reference,Homozygous Reference,Homozygous Reference,Homozygous Reference,Homozygous Reference,Homozygous Reference,Homozygous Reference
chrY@14475460,Homozygous Reference,Homozygous Reference,Homozygous Reference,Homozygous Reference,Homozygous Reference,Homozygous Reference,Homozygous Reference,Homozygous Reference,Homozygous Reference,Homozygous Reference,Homozygous Reference,Homozygous Reference,Homozygous Alternate,Homozygous Reference,Homozygous Reference,Homozygous Reference,Homozygous Reference,Homozygous Reference,Homozygous Reference,Homozygous Reference,Homozygous Reference,Homozygous Reference,Homozygous Reference,Homozygous Reference,Homozygous Reference
chrY@14475462,Homozygous Reference,Homozygous Reference,Homozygous Reference,Homozygous Reference,Homozygous Reference,Homozygous Reference,Homozygous Reference,Homozygous Reference,Homozygous Reference,Homozygous Reference,Homozygous Reference,Homozygous Reference,Homozygous Alternate,Homozygous Reference,Homozygous Reference,Homozygous Reference,Homozygous Reference,Homozygous Reference,Homozygous Reference,Homozygous Reference,Homozygous Reference,Homozygous Reference,Homozygous Reference,Homozygous Reference,Homozygous Reference
chrY@14475464,Homozygous Reference,Homozygous Reference,Homozygous Reference,Homozygous Reference,Homozygous Reference,Homozygous Reference,Homozygous Reference,Homozygous Reference,Homozygous Reference,Homozygous Reference,Homozygous Reference,Homozygous Reference,Homozygous Alternate,Homozygous Reference,Homozygous Reference,Homozygous Reference,Homozygous Reference,Homozygous Reference,Homozygous Reference,Homozygous Reference,Homozygous Reference,Homozygous Reference,Homozygous Reference,Homozygous Reference,Homozygous Reference
chrY@14475465,Homozygous Reference,Homozygous Reference,Homozygous Reference,Homozygous Reference,Homozygous Reference,Homozygous Reference,Homozygous Reference,Homozygous Reference,Homozygous Reference,Homozygous Reference,Homozygous Reference,Homozygous Reference,Homozygous Alternate,Homozygous Reference,Homozygous Reference,Homozygous Reference,Homozygous Reference,Homozygous Reference,Homozygous Reference,Homozygous Reference,Homozygous Reference,Homozygous Reference,Homozygous Reference,Homozygous Reference,Homozygous Reference
chrY@2722506,Homozygous Reference,Homozygous Reference,Homozygous Reference,Homozygous Reference,Homozygous Reference,Homozygous Reference,Homozygous Reference,Homozygous Alternate,Homozygous Reference,Homozygous Reference,Homozygous Reference,Homozygous Reference,Homozygous Reference,Homozygous Reference,Homozygous Reference,Homozygous Alternate,Homozygous Reference,Homozygous Reference,Homozygous Reference,Homozygous Reference,Homozygous Reference,Homozygous Reference,Homozygous Reference,Homozygous Alternate,Homozygous Reference
chrY@14475468,Homozygous Reference,Homozygous Reference,Homozygous Reference,Homozygous Reference,Homozygous Reference,Homozygous Reference,Homozygous Reference,Homozygous Reference,Homozygous Reference,Homozygous Reference,Homozygous Reference,Homozygous Reference,Homozygous Alternate,Homozygous Reference,Homozygous Reference,Homozygous Reference,Homozygous Reference,Homozygous Reference,Homozygous Reference,Homozygous Reference,Homozygous Reference,Homozygous Reference,Homozygous Reference,Homozygous Reference,Homozygous Reference
chrY@13310679,Homozygous Reference,Homozygous Reference,Homozygous Reference,Homozygous Reference,Homozygous Alternate,Homozygous Reference,Homozygous Reference,Homozygous Reference,Homozygous Reference,Heterozygous Alternate,Homozygous Reference,Homozygous Reference,Homozygous Alternate,Homozygous Reference,Homozygous Reference,Heterozygous Alternate,Homozygous Reference,Homozygous Reference,Homozygous Alternate,Homozygous Alternate,Homozygous Alternate,Homozygous Reference,Homozygous Alternate,Homozygous Reference,Homozygous Reference
chrY@13310683,Homozygous Reference,Homozygous Reference,Homozygous Reference,Homozygous Reference,Homozygous Alternate,Homozygous Reference,Homozygous Reference,Homozygous Reference,Homozygous Reference,Heterozygous Alternate,Homozygous Reference,Homozygous Reference,Homozygous Alternate,Homozygous Reference,Homozygous Reference,Homozygous Reference,Homozygous Reference,Homozygous Reference,Homozygous Alternate,Homozygous Alternate,Homozygous Alternate,Homozygous Reference,Homozygous Alternate,Homozygous Reference,Homozygous Reference
chrY@13310688,Homozygous Reference,Homozygous Reference,Homozygous Reference,Homozygous Reference,Homozygous Alternate,Homozygous Reference,Homozygous Reference,Homozygous Reference,Homozygous Reference,Heterozygous Alternate,Homozygous Reference,Homozygous Reference,Homozygous Alternate,Homozygous Reference,Homozygous Reference,Homozygous Reference,Homozygous Reference,Homozygous Reference,Homozygous Alternate,Homozygous Alternate,Homozygous Alternate,Homozygous Reference,Homozygous Alternate,Homozygous Reference,Homozygous Reference
chrY@21154528,Homozygous Reference,Homozygous Reference,Homozygous Reference,Homozygous Reference,Homozygous Reference,Homozygous Reference,Homozygous Reference,Homozygous Reference,Homozygous Reference,Homozygous Reference,Homozygous Reference,Homozygous Reference,Homozygous Reference,Homozygous Reference,Homozygous Reference,Homozygous Reference,Homozygous Reference,Homozygous Alternate,Homozygous Reference,Homozygous Reference,Homozygous Reference,Homozygous Reference,Homozygous Reference,Homozygous Reference,Homozygous Reference
chrY@21154529,Homozygous Reference,Homozygous Reference,Homozygous Reference,Homozygous Reference,Homozygous Reference,Homozygous Reference,Homozygous Reference,Homozygous Reference,Homozygous Reference,Homozygous Reference,Homozygous Reference,Homozygous Reference,Homozygous Reference,Homozygous Reference,Homozygous Reference,Homozygous Reference,Homozygous Reference,Homozygous Alternate,Homozygous Reference,Homozygous Reference,Homozygous Reference,Homozygous Reference,Homozygous Reference,Homozygous Reference,Homozygous Reference
chrY@13310691,Homozygous Reference,Homozygous Reference,Homozygous Reference,Homozygous Reference,Homozygous Alternate,Homozygous Reference,Homozygous Reference,Homozygous Reference,Homozygous Reference,Heterozygous Alternate,Homozygous Reference,Homozygous Reference,Homozygous Alternate,Homozygous Reference,Homozygous Reference,Homozygous Reference,Homozygous Reference,Homozygous Reference,Homozygous Alternate,Homozygous Alternate,Homozygous Alternate,Homozygous Reference,Homozygous Alternate,Homozygous Reference,Homozygous Reference
chrY@15026424,Homozygous Reference,Homozygous Alternate,Homozygous Reference,Homozygous Reference,Homozygous Reference,Homozygous Alternate,Homozygous Alternate,Homozygous Reference,Homozygous Reference,Homozygous Reference,Homozygous Reference,Homozygous Reference,Homozygous Reference,Homozygous Reference,Homozygous Alternate,Homozygous Reference,Homozygous Alternate,Homozygous Reference,Homozygous Reference,Homozygous Reference,Homozygous Reference,Homozygous Reference,Homozygous Reference,Homozygous Reference,Homozygous Alternate
chrY@4982523,Homozygous Reference,Homozygous Reference,Heterozygous Alternate,Homozygous Reference,Homozygous Reference,Homozygous Reference,Heterozygous Alternate,Heterozygous Alternate,Homozygous Reference,Heterozygous Alternate,Homozygous Reference,Homozygous Reference,Homozygous Reference,Homozygous Reference,Homozygous Reference,Homozygous Reference,Homozygous Reference,Homozygous Reference,Homozygous Reference,Homozygous Reference,Homozygous Reference,Homozygous Reference,Homozygous Reference,Homozygous Reference,Homozygous Reference
chrY@13310719,Homozygous Reference,Homozygous Reference,Homozygous Reference,Homozygous Reference,Homozygous Alternate,Heterozygous Alternate,Homozygous Reference,Homozygous Reference,Homozygous Reference,Homozygous Reference,Homozygous Reference,Homozygous Reference,Homozygous Alternate,Homozygous Alternate,Homozygous Reference,Homozygous Reference,Homozygous Reference,Homozygous Reference,Homozygous Alternate,Homozygous Alternate,Homozygous Alternate,Homozygous Reference,Homozygous Alternate,Homozygous Reference,Homozygous Reference
chrY@13310721,Homozygous Reference,Homozygous Reference,Homozygous Reference,Homozygous Reference,Homozygous Alternate,Heterozygous Alternate,Homozygous Reference,Homozygous Reference,Homozygous Reference,Homozygous Reference,Homozygous Reference,Homozygous Reference,Homozygous Alternate,Homozygous Alternate,Homozygous Reference,Homozygous Reference,Homozygous Reference,Homozygous Reference,Homozygous Alternate,Homozygous Alternate,Homozygous Alternate,Homozygous Reference,Homozygous Alternate,Homozygous Reference,Homozygous Reference
chrY@14898435,Homozygous Reference,Heterozygous Alternate,Homozygous Reference,Homozygous Reference,Homozygous Reference,Heterozygous Alternate,Homozygous Alternate,Homozygous Reference,Homozygous Reference,Homozygous Reference,Homozygous Reference,Homozygous Reference,Homozygous Reference,Homozygous Reference,Homozygous Alternate,Homozygous Reference,Heterozygous Alternate,Homozygous Reference,Homozygous Reference,Homozygous Reference,Homozygous Reference,Homozygous Reference,Homozygous Reference,Heterozygous Alternate,Homozygous Alternate
chrY@13310740,Homozygous Reference,Homozygous Reference,Homozygous Reference,Homozygous Reference,Homozygous Reference,Homozygous Reference,Homozygous Reference,Homozygous Reference,Homozygous Reference,Homozygous Reference,Homozygous Reference,Homozygous Alternate,Homozygous Reference,Homozygous Reference,Homozygous Reference,Homozygous Reference,Homozygous Reference,Homozygous Reference,Homozygous Reference,Homozygous Alternate,Homozygous Alternate,Homozygous Reference,Homozygous Alternate,Homozygous Reference,Homozygous Reference
chrY@14850341,Homozygous Reference,Homozygous Reference,Homozygous Reference,Homozygous Reference,Homozygous Reference,Homozygous Reference,Homozygous Reference,Homozygous Alternate,Homozygous Reference,Homozygous Reference,Homozygous Reference,Homozygous Reference,Homozygous Reference,Homozygous Reference,Homozygous Reference,Homozygous Reference,Homozygous Reference,Homozygous Reference,Homozygous Reference,Homozygous Reference,Homozygous Reference,Homozygous Reference,Homozygous Reference,Homozygous Reference,Homozygous Reference
chrY@14954280,Homozygous Reference,Homozygous Reference,Homozygous Reference,Homozygous Reference,Homozygous Reference,Homozygous Reference,Homozygous Reference,Homozygous Reference,Homozygous Reference,Homozygous Reference,Homozygous Reference,Homozygous Reference,Homozygous Reference,Homozygous Reference,Homozygous Reference,Homozygous Reference,Homozygous Reference,Homozygous Reference,Homozygous Reference,Homozygous Reference,Homozygous Reference,Homozygous Reference,Homozygous Reference,Homozygous Alternate,Homozygous Reference
chrY@13310768,Homozygous Reference,Heterozygous Alternate,Homozygous Reference,Homozygous Reference,Homozygous Alternate,Heterozygous Alternate,Homozygous Reference,Homozygous Reference,Homozygous Reference,Homozygous Reference,Homozygous Reference,Homozygous Alternate,Homozygous Reference,Homozygous Alternate,Homozygous Reference,Homozygous Reference,Homozygous Reference,Homozygous Reference,Homozygous Alternate,Homozygous Alternate,Homozygous Alternate,Homozygous Reference,Homozygous Alternate,Homozygous Reference,Homozygous Reference
chrY@13310775,Homozygous Reference,Heterozygous Alternate,Homozygous Reference,Homozygous Reference,Homozygous Reference,Heterozygous Alternate,Homozygous Reference,Homozygous Reference,Homozygous Reference,Homozygous Reference,Homozygous Reference,Homozygous Alternate,Homozygous Reference,Homozygous Alternate,Heterozygous Alternate,Homozygous Reference,Homozygous Reference,Homozygous Reference,Homozygous Alternate,Homozygous Alternate,Homozygous Alternate,Homozygous Reference,Homozygous Alternate,Homozygous Reference,Homozygous Reference
chrY@4905277,Homozygous Reference,Homozygous Reference,Homozygous Alternate,Homozygous Reference,Homozygous Reference,Homozygous Reference,Homozygous Reference,Homozygous Reference,Homozygous Reference,Homozygous Reference,Homozygous Reference,Homozygous Reference,Homozygous Reference,Homozygous Reference,Homozygous Reference,Homozygous Reference,Homozygous Reference,Homozygous Reference,Homozygous Reference,Homozygous Reference,Homozygous Reference,Homozygous Reference,Homozygous Reference,Homozygous Reference,Homozygous Reference
chrY@13310784,Homozygous Reference,Heterozygous Alternate,Homozygous Reference,Homozygous Reference,Homozygous Reference,Heterozygous Alternate,Homozygous Reference,Homozygous Reference,Homozygous Reference,Homozygous Reference,Homozygous Reference,Homozygous Alternate,Homozygous Reference,Homozygous Alternate,Heterozygous Alternate,Homozygous Reference,Homozygous Reference,Homozygous Reference,Homozygous Alternate,Homozygous Alternate,Homozygous Alternate,Homozygous Reference,Homozygous Alternate,Homozygous Reference,Homozygous Reference
chrY@14922583,Homozygous Reference,Homozygous Reference,Homozygous Alternate,Homozygous Reference,Homozygous Reference,Homozygous Reference,Homozygous Reference,Homozygous Reference,Homozygous Reference,Homozygous Reference,Homozygous Reference,Homozygous Reference,Homozygous Reference,Homozygous Reference,Homozygous Reference,Homozygous Reference,Homozygous Reference,Homozygous Reference,Homozygous Reference,Homozygous Reference,Homozygous Reference,Homozygous Reference,Homozygous Reference,Homozygous Reference,Homozygous Reference
chrY@15027031,Homozygous Reference,Homozygous Reference,Homozygous Reference,Homozygous Reference,Homozygous Reference,Homozygous Reference,Homozygous Reference,Homozygous Reference,Homozygous Reference,Homozygous Reference,Homozygous Reference,Homozygous Reference,Homozygous Reference,Homozygous Reference,Homozygous Reference,Homozygous Reference,Homozygous Reference,Homozygous Alternate,Homozygous Reference,Homozygous Reference,Homozygous Reference,Homozygous Reference,Homozygous Reference,Homozygous Reference,Homozygous Reference
chrY@16952665,Homozygous Reference,Homozygous Reference,Homozygous Reference,Homozygous Reference,Homozygous Reference,Homozygous Reference,Homozygous Reference,Homozygous Reference,Homozygous Reference,Homozygous Reference,Homozygous Reference,Homozygous Reference,Homozygous Reference,Homozygous Alternate,Homozygous Reference,Homozygous Reference,Homozygous Reference,Homozygous Alternate,Homozygous Reference,Homozygous Reference,Homozygous Reference,Homozygous Reference,Homozygous Reference,Homozygous Reference,Homozygous Reference
chrY@15027034,Homozygous Reference,Homozygous Reference,Homozygous Reference,Homozygous Reference,Homozygous Reference,Homozygous Reference,Homozygous Reference,Homozygous Reference,Homozygous Reference,Homozygous Reference,Homozygous Reference,Homozygous Reference,Homozygous Reference,Homozygous Reference,Homozygous Reference,Homozygous Reference,Homozygous Reference,Homozygous Alternate,Homozygous Reference,Homozygous Reference,Homozygous Reference,Homozygous Reference,Homozygous Reference,Homozygous Reference,Homozygous Reference
chrY@15526751,Homozygous Reference,Homozygous Reference,Homozygous Reference,Homozygous Reference,Homozygous Reference,Homozygous Reference,Homozygous Reference,Homozygous Alternate,Homozygous Reference,Homozygous Reference,Homozygous Reference,Homozygous Reference,Homozygous Reference,Homozygous Reference,Homozygous Reference,Homozygous Reference,Homozygous Reference,Homozygous Reference,Homozygous Reference,Homozygous Reference,Homozygous Reference,Homozygous Reference,Homozygous Reference,Homozygous Reference,Homozygous Reference
chrY@15027077,Homozygous Reference,Homozygous Reference,Homozygous Reference,Homozygous Reference,Homozygous Reference,Homozygous Reference,Homozygous Reference,Homozygous Reference,Homozygous Reference,Homozygous Reference,Homozygous Reference,Homozygous Reference,Homozygous Reference,Homozygous Reference,Homozygous Reference,Homozygous Reference,Homozygous Reference,Homozygous Alternate,Homozygous Reference,Homozygous Reference,Homozygous Reference,Homozygous Reference,Homozygous Reference,Homozygous Reference,Homozygous Reference
chrY@15027083,Homozygous Reference,Homozygous Reference,Homozygous Reference,Homozygous Reference,Homozygous Reference,Homozygous Reference,Homozygous Reference,Homozygous Reference,Homozygous Reference,Homozygous Reference,Homozygous Reference,Homozygous Reference,Homozygous Reference,Homozygous Reference,Homozygous Reference,Homozygous Reference,Homozygous Reference,Homozygous Alternate,Homozygous Reference,Homozygous Reference,Homozygous Reference,Homozygous Reference,Homozygous Reference,Homozygous Reference,Homozygous Reference
chrY@6931856,Homozygous Reference,Homozygous Reference,Homozygous Reference,Homozygous Reference,Homozygous Reference,Homozygous Reference,Homozygous Reference,Homozygous Alternate,Homozygous Reference,Homozygous Reference,Homozygous Reference,Homozygous Reference,Homozygous Reference,Homozygous Reference,Homozygous Reference,Homozygous Alternate,Homozygous Reference,Homozygous Reference,Homozygous Reference,Homozygous Reference,Homozygous Reference,Homozygous Reference,Homozygous Reference,Homozygous Reference,Homozygous Reference
chrY@14838700,Homozygous Reference,Homozygous Reference,Homozygous Reference,Homozygous Reference,Homozygous Reference,Homozygous Reference,Homozygous Reference,Homozygous Reference,Homozygous Reference,Homozygous Reference,Homozygous Reference,Homozygous Reference,Homozygous Reference,Homozygous Reference,Homozygous Reference,Homozygous Reference,Homozygous Reference,Homozygous Reference,Homozygous Reference,Homozygous Reference,Homozygous Reference,Homozygous Reference,Homozygous Reference,Homozygous Alternate,Homozygous Reference
chrY@14898094,Homozygous Reference,Homozygous Alternate,Homozygous Reference,Homozygous Reference,Homozygous Reference,Homozygous Alternate,Homozygous Alternate,Homozygous Reference,Homozygous Reference,Homozygous Reference,Homozygous Reference,Homozygous Reference,Homozygous Reference,Homozygous Reference,Homozygous Alternate,Homozygous Reference,Homozygous Alternate,Homozygous Reference,Homozygous Reference,Homozygous Reference,Homozygous Reference,Homozygous Reference,Homozygous Reference,Homozygous Reference,Homozygous Alternate
chrY@22918577,Homozygous Reference,Homozygous Reference,Homozygous Reference,Homozygous Reference,Homozygous Reference,Homozygous Reference,Homozygous Reference,Homozygous Alternate,Homozygous Reference,Homozygous Reference,Homozygous Reference,Homozygous Reference,Homozygous Reference,Homozygous Reference,Homozygous Reference,Homozygous Reference,Homozygous Reference,Homozygous Reference,Homozygous Reference,Homozygous Reference,Homozygous Reference,Homozygous Reference,Homozygous Reference,Homozygous Reference,Homozygous Reference
chrY@16835007,Homozygous Reference,Homozygous Reference,Homozygous Reference,Homozygous Reference,Homozygous Reference,Homozygous Reference,Homozygous Reference,Homozygous Reference,Homozygous Reference,Homozygous Reference,Homozygous Reference,Homozygous Reference,Homozygous Reference,Homozygous Reference,Homozygous Reference,Homozygous Reference,Homozygous Reference,Homozygous Reference,Homozygous Reference,Homozygous Reference,Homozygous Reference,Homozygous Reference,Homozygous Reference,Homozygous Alternate,Homozygous Reference
chrY@15021522,Homozygous Reference,Homozygous Reference,Homozygous Reference,Homozygous Reference,Homozygous Reference,Homozygous Reference,Homozygous Reference,Homozygous Alternate,Homozygous Reference,Homozygous Reference,Homozygous Reference,Homozygous Reference,Homozygous Reference,Homozygous Reference,Homozygous Reference,Homozygous Alternate,Homozygous Reference,Homozygous Reference,Homozygous Reference,Homozygous Reference,Homozygous Reference,Homozygous Reference,Homozygous Reference,Homozygous Reference,Homozygous Reference
chrY@13309418,Homozygous Reference,Homozygous Reference,Homozygous Reference,Homozygous Reference,Homozygous Reference,Homozygous Reference,Homozygous Reference,Homozygous Alternate,Homozygous Reference,Homozygous Reference,Homozygous Reference,Homozygous Reference,Homozygous Reference,Homozygous Reference,Homozygous Reference,Homozygous Alternate,Homozygous Reference,Homozygous Reference,Homozygous Reference,Homozygous Reference,Homozygous Reference,Homozygous Reference,Homozygous Reference,Homozygous Reference,Homozygous Reference
chrY@14832620,Homozygous Reference,Homozygous Reference,Homozygous Reference,Homozygous Reference,Homozygous Reference,Homozygous Reference,Homozygous Reference,Homozygous Alternate,Homozygous Reference,Homozygous Reference,Homozygous Reference,Homozygous Reference,Homozygous Reference,Homozygous Reference,Homozygous Reference,Homozygous Alternate,Homozygous Reference,Homozygous Reference,Homozygous Reference,Homozygous Reference,Homozygous Reference,Homozygous Reference,Homozygous Reference,Homozygous Alternate,Homozygous Reference
chrY@24457719,Homozygous Reference,Homozygous Reference,Homozygous Alternate,Homozygous Reference,Homozygous Reference,Homozygous Reference,Homozygous Reference,Homozygous Reference,Homozygous Reference,Homozygous Reference,Homozygous Reference,Homozygous Reference,Homozygous Reference,Homozygous Reference,Homozygous Reference,Homozygous Reference,Homozygous Reference,Homozygous Reference,Homozygous Reference,Homozygous Reference,Homozygous Reference,Homozygous Reference,Homozygous Reference,Homozygous Reference,Homozygous Reference
